"Site Visit","Kundeneinsatz"
"Site Visits","Kundeneinsätze"
"Site Visit Photo","Kundeneinsatz-Foto"
"Site Visit Item","Kundeneinsatz-Artikel"
"Site Visit Report","Einsatzbericht"
"Photo","Foto","Site Visit Photo"
"Caption","Beschriftung","Site Visit Photo"
"Duration","Zeitraum","Site Visit"
"Work Performed","Tätigkeit","Site Visit"
"Photos","Fotos","Site Visit"
"Customer Signature","Kundenunterschrift","Site Visit"
"Signee Name","Name des Unterzeichners","Site Visit"
"Billing","Abrechnung","Site Visit"
"Additional Items","Zusätzliche Artikel","Site Visit"
"Sales Order Item","Auftragsposition","Site Visit Item"
"From the customer's price list - filled in on save","Aus der Preisliste des Kunden - wird beim Speichern ermittelt","Site Visit Item"
"Must be set before submitting - not required yet when saving as a draft (e.g. via the timer)","Muss vor dem Buchen gesetzt sein - beim Speichern als Entwurf (z. B. per Timer) noch nicht erforderlich","Site Visit"
"Defaults to the default Company if left empty (see validate() in site_visit.py)","Wird automatisch mit der Standard-Firma vorbelegt, falls leer","Site Visit"
"Must be set before submitting - not required yet when saving as a draft (e.g. via the timer). If there isn't one yet, use ""+ New Sales Order"" right in this field.","Muss vor dem Buchen gesetzt sein - beim Speichern als Entwurf (z. B. per Timer) noch nicht erforderlich. Gibt es noch keinen, über ""Neuer Auftrag"" oben anlegen.","Site Visit"
"Controls the billing rate in the automatically created Timesheet. Must be set before submitting - not required yet when saving as a draft (e.g. via the timer).","Steuert den Stundensatz im automatisch erzeugten Zeitblatt. Muss vor dem Buchen gesetzt sein - beim Speichern als Entwurf (z. B. per Timer) noch nicht erforderlich.","Site Visit"
"Time","Zeit","Site Visit"
"Customer Confirmation","Kundenbestätigung","Site Visit"
"Signed by","Unterschrieben von","Site Visit"
"No signature captured","Keine Unterschrift erfasst","Site Visit"
"No customer signature captured yet.","Noch keine Kundenunterschrift erfasst.","Site Visit"
"Open Timesheet","Zeitblatt öffnen","Site Visit"
"New Sales Order","Neuer Auftrag","Site Visit"
"Customer Reference","Kundenreferenz","Site Visit"
"Please select a Customer first.","Bitte zuerst einen Kunden auswählen.","Site Visit"
"Add at least one item below before creating a new Sales Order.","Bitte zuerst mindestens einen Artikel hinzufügen, bevor ein neuer Auftrag angelegt wird.","Site Visit"
"Creating Sales Order...","Auftrag wird angelegt...","Site Visit"
"Start Timer","Timer starten","Site Visit"
"Stop Timer","Timer stoppen","Site Visit"
"Timer running: {0}","Timer läuft: {0}","Site Visit"
"Please select a Customer before submitting.","Bitte vor dem Buchen einen Kunden auswählen.","Site Visit"
"Please select an Activity Type before submitting.","Bitte vor dem Buchen eine Aktivitätsart auswählen.","Site Visit"
"Please select a Sales Order before submitting.","Bitte vor dem Buchen einen Auftrag auswählen.","Site Visit"
"Please enter an end time before submitting.","Bitte vor dem Buchen eine Endzeit eintragen.","Site Visit"
"End time must be after the start time.","Das Ende muss nach dem Beginn liegen.","Site Visit"
"This time range overlaps an existing time entry for {0}.","Dieser Zeitraum überschneidet sich mit einer bereits erfassten Zeitbuchung für {0}.","Site Visit"
"Overlapping Time","Zeitüberschneidung","Site Visit"
"Timesheet {0} created and submitted.","Zeitblatt {0} wurde angelegt und gebucht.","Site Visit"
"Timesheet {0} was already invoiced on {1} and can no longer be cancelled.","Zeitblatt {0} wurde bereits in {1} in Rechnung gestellt und kann nicht mehr storniert werden.","Site Visit"
"Only draft Site Visits can create a Sales Order.","Nur ein Kundeneinsatz im Entwurf kann einen Auftrag anlegen.","Site Visit"
"This Site Visit is already linked to Sales Order {0}.","Dieser Kundeneinsatz ist bereits mit Auftrag {0} verknüpft.","Site Visit"
"Add at least one item before creating a new Sales Order.","Bitte mindestens einen Artikel hinzufügen, bevor ein neuer Auftrag angelegt wird.","Site Visit"
"{0} (Site Visit {1}, row {2})","{0} (Kundeneinsatz {1}, Zeile {2})","Site Visit"
